Date,SPY
2015-01-02,169.68783569335938
2015-01-05,166.62330627441406
2015-01-06,165.05389404296875
2015-01-07,167.11070251464844
2015-01-08,170.0760955810547
2015-01-09,168.71319580078125
2015-01-12,167.39149475097656
2015-01-13,166.9207000732422
2015-01-14,165.9129638671875
2015-01-15,164.39312744140625
2015-01-16,166.5490264892578
2015-01-20,166.90420532226562
2015-01-21,167.74671936035156
2015-01-22,170.2412872314453
2015-01-23,169.30789184570312
2015-01-26,169.70437622070312
2015-01-27,167.46585083007812
2015-01-28,165.3182373046875
2015-01-29,166.84634399414062
2015-01-30,164.74827575683594
2015-02-02,166.7885284423828
2015-02-03,169.2004852294922
2015-02-04,168.55624389648438
2015-02-05,170.25782775878906
2015-02-06,169.7869110107422
2015-02-09,169.0270538330078
2015-02-10,170.82774353027344
2015-02-11,170.92686462402344
2015-02-12,172.57064819335938
2015-02-13,173.28102111816406
2015-02-17,173.55361938476562
2015-02-18,173.57009887695312
2015-02-19,173.44619750976562
2015-02-20,174.4869842529297
2015-02-23,174.46217346191406
2015-02-24,174.95779418945312
2015-02-25,174.80911254882812
2015-02-26,174.6026611328125
2015-02-27,174.00796508789062
2015-03-02,175.10650634765625
2015-03-03,174.3878936767578
2015-03-04,173.65272521972656
2015-03-05,173.8427276611328
2015-03-06,171.397705078125
2015-03-09,172.10804748535156
2015-03-10,169.3161163330078
2015-03-11,168.919677734375
2015-03-12,171.06729125976562
2015-03-13,170.0182342529297
2015-03-16,172.28976440429688
2015-03-17,171.7776641845703
2015-03-18,173.8427276611328
2015-03-19,173.04966735839844
2015-03-20,174.57720947265625
2015-03-23,174.23703002929688
2015-03-24,173.25796508789062
2015-03-25,170.71910095214844
2015-03-26,170.31256103515625
2015-03-27,170.70252990722656
2015-03-30,172.7850799560547
2015-03-31,171.2749786376953
2015-04-01,170.66928100585938
2015-04-02,171.2832489013672
2015-04-06,172.43658447265625
2015-04-07,171.98025512695312
2015-04-08,172.5609893798828
2015-04-09,173.32440185546875
2015-04-10,174.27017211914062
2015-04-13,173.4819793701172
2015-04-14,173.8139190673828
2015-04-15,174.59381103515625
2015-04-16,174.5440673828125
2015-04-17,172.53614807128906
2015-04-20,174.1125946044922
2015-04-21,173.9051971435547
2015-04-22,174.7597198486328
2015-04-23,175.19949340820312
2015-04-24,175.6060333251953
2015-04-27,174.87586975097656
2015-04-28,175.43182373046875
2015-04-29,174.70999145507812
2015-04-30,172.95924377441406
2015-05-01,174.83441162109375
2015-05-04,175.3321990966797
2015-05-05,173.32440185546875
2015-05-06,172.61080932617188
2015-05-07,173.29949951171875
2015-05-08,175.58114624023438
2015-05-11,174.74317932128906
2015-05-12,174.22044372558594
2015-05-13,174.2536163330078
2015-05-14,176.0706787109375
2015-05-15,176.26145935058594
2015-05-18,176.80911254882812
2015-05-19,176.7510223388672
2015-05-20,176.62657165527344
2015-05-21,177.1409454345703
2015-05-22,176.7178497314453
2015-05-26,174.8178253173828
2015-05-27,176.4772491455078
2015-05-28,176.27809143066406
2015-05-29,175.18284606933594
2015-06-01,175.53968811035156
2015-06-02,175.36541748046875
2015-06-03,175.83006286621094
2015-06-04,174.34490966796875
2015-06-05,174.0461883544922
2015-06-08,172.9758758544922
2015-06-09,172.950927734375
2015-06-10,175.02523803710938
2015-06-11,175.5894012451172
2015-06-12,174.2453155517578
2015-06-15,173.49862670898438
2015-06-16,174.44448852539062
2015-06-17,174.72653198242188
2015-06-18,176.54360961914062
2015-06-19,175.75985717773438
2015-06-22,176.66030883789062
2015-06-23,176.78538513183594
2015-06-24,175.5014190673828
2015-06-25,174.96780395507812
2015-06-26,174.9344024658203
2015-06-29,171.2660675048828
2015-06-30,171.62452697753906
2015-07-01,173.0001983642578
2015-07-02,172.841796875
2015-07-06,172.3499298095703
2015-07-07,173.43374633789062
2015-07-08,170.52406311035156
2015-07-09,170.83253479003906
2015-07-10,172.98350524902344
2015-07-13,174.89283752441406
2015-07-14,175.65142822265625
2015-07-15,175.5931396484375
2015-07-16,177.00218200683594
2015-07-17,177.15220642089844
2015-07-20,177.24392700195312
2015-07-21,176.54360961914062
2015-07-22,176.22682189941406
2015-07-23,175.2345733642578
2015-07-24,173.4170379638672
2015-07-27,172.40821838378906
2015-07-28,174.52598571777344
2015-07-29,175.72653198242188
2015-07-30,175.76824951171875
2015-07-31,175.5014190673828
2015-08-03,174.90945434570312
2015-08-04,174.56761169433594
2015-08-05,175.1428985595703
2015-08-06,173.7088623046875
2015-08-07,173.3753662109375
2015-08-10,175.55979919433594
2015-08-11,173.97564697265625
2015-08-12,174.18408203125
2015-08-13,173.9673309326172
2015-08-14,174.60096740722656
2015-08-17,175.576416015625
2015-08-18,175.06784057617188
2015-08-19,173.6838836669922
2015-08-20,170.05712890625
2015-08-21,164.93798828125
2015-08-24,157.99295043945312
2015-08-25,156.1337890625
2015-08-26,162.1282958984375
2015-08-27,166.1385498046875
2015-08-28,166.14694213867188
2015-08-31,164.8046112060547
2015-09-01,159.8855438232422
2015-09-02,162.9203643798828
2015-09-03,163.03704833984375
2015-09-04,160.5691680908203
2015-09-08,164.6044921875
2015-09-09,162.4033966064453
2015-09-10,163.28726196289062
2015-09-11,164.0292205810547
2015-09-14,163.4205780029297
2015-09-15,165.46327209472656
2015-09-16,166.8972930908203
2015-09-17,166.52207946777344
2015-09-18,163.80088806152344
2015-09-21,164.6473388671875
2015-09-22,162.51026916503906
2015-09-23,162.25045776367188
2015-09-24,161.663818359375
2015-09-25,161.6219024658203
2015-09-28,157.5655975341797
2015-09-29,157.65782165527344
2015-09-30,160.59939575195312
2015-10-01,161.0184783935547
2015-10-02,163.42373657226562
2015-10-05,166.33184814453125
2015-10-06,165.7619171142578
2015-10-07,167.1196746826172
2015-10-08,168.62818908691406
2015-10-09,168.72869873046875
2015-10-12,168.88795471191406
2015-10-13,167.82362365722656
2015-10-14,167.0189971923828
2015-10-15,169.58358764648438
2015-10-16,170.3545684814453
2015-10-19,170.43833923339844
2015-10-20,170.2205047607422
2015-10-21,169.16455078125
2015-10-22,172.02232360839844
2015-10-23,173.90794372558594
2015-10-26,173.48056030273438
2015-10-27,173.1453857421875
2015-10-28,175.11483764648438
2015-10-29,175.01425170898438
2015-10-30,174.25997924804688
2015-11-02,176.32167053222656
2015-11-03,176.8328399658203
2015-11-04,176.29649353027344
2015-11-05,176.12049865722656
2015-11-06,176.02828979492188
2015-11-09,174.38568115234375
2015-11-10,174.78793334960938
2015-11-11,174.10076904296875
2015-11-12,171.67034912109375
2015-11-13,169.74276733398438
2015-11-16,172.32403564453125
2015-11-17,172.1983184814453
2015-11-18,174.93040466308594
2015-11-19,174.7795867919922
2015-11-20,175.41650390625
2015-11-23,175.21542358398438
2015-11-24,175.45001220703125
2015-11-25,175.42489624023438
2015-11-27,175.62600708007812
2015-11-30,174.8969268798828
2015-12-01,176.5646514892578
2015-12-02,174.76283264160156
2015-12-03,172.31565856933594
2015-12-04,175.67633056640625
2015-12-07,174.61195373535156
2015-12-08,173.43870544433594
2015-12-09,172.08934020996094
2015-12-10,172.53353881835938
2015-12-11,169.18963623046875
2015-12-14,170.0445098876953
2015-12-15,171.82960510253906
2015-12-16,174.34381103515625
2015-12-17,171.68711853027344
2015-12-18,168.62850952148438
2015-12-21,170.01954650878906
2015-12-22,171.56236267089844
2015-12-23,173.68685913085938
2015-12-24,173.40017700195312
2015-12-28,173.0039520263672
2015-12-29,174.85028076171875
2015-12-30,173.61094665527344
2015-12-31,171.87428283691406
2016-01-04,169.4715576171875
2016-01-05,169.7581787109375
2016-01-06,167.61683654785156
2016-01-07,163.5953826904297
2016-01-08,161.7996826171875
2016-01-11,161.9598846435547
2016-01-12,163.2666473388672
2016-01-13,159.1946563720703
2016-01-14,161.8081512451172
2016-01-15,158.3347625732422
2016-01-19,158.54547119140625
2016-01-20,156.5137481689453
2016-01-21,157.39047241210938
2016-01-22,160.6194305419922
2016-01-25,158.19142150878906
2016-01-26,160.34967041015625
2016-01-27,158.60452270507812
2016-01-28,159.43067932128906
2016-01-29,163.31719970703125
2016-02-01,163.25816345214844
2016-02-02,160.31597900390625
2016-02-03,161.27703857421875
2016-02-04,161.52996826171875
2016-02-05,158.4528045654297
2016-02-08,156.31983947753906
2016-02-09,156.32830810546875
2016-02-10,156.19342041015625
2016-02-11,154.16159057617188
2016-02-12,157.3399658203125
2016-02-16,159.99557495117188
2016-02-17,162.60906982421875
2016-02-18,161.94308471679688
2016-02-19,161.8671417236328
2016-02-22,164.2108917236328
2016-02-23,162.13690185546875
2016-02-24,162.87884521484375
2016-02-25,164.8515625
2016-02-26,164.4722137451172
2016-02-29,163.1822967529297
2016-03-01,167.01824951171875
2016-03-02,167.76856994628906
2016-03-03,168.4261474609375
2016-03-04,168.9741668701172
2016-03-07,169.10903930664062
2016-03-08,167.26275634765625
2016-03-09,168.08897399902344
2016-03-10,168.2238006591797
2016-03-11,170.93846130371094
2016-03-14,170.7192840576172
2016-03-15,170.4410400390625
2016-03-16,171.427490234375
2016-03-17,172.51502990722656
2016-03-18,173.19297790527344
2016-03-21,173.43869018554688
2016-03-22,173.34544372558594
2016-03-23,172.20144653320312
2016-03-24,172.1251983642578
2016-03-28,172.22686767578125
2016-03-29,173.8199462890625
2016-03-30,174.58267211914062
2016-03-31,174.15892028808594
2016-04-01,175.34532165527344
2016-04-04,174.77761840820312
2016-04-05,173.0319061279297
2016-04-06,174.9216766357422
2016-04-07,172.82847595214844
2016-04-08,173.29461669921875
2016-04-11,172.88780212402344
2016-04-12,174.4979705810547
2016-04-13,176.26051330566406
2016-04-14,176.26901245117188
2016-04-15,176.07406616210938
2016-04-18,177.3113555908203
2016-04-19,177.87060546875
2016-04-20,178.04006958007812
2016-04-21,177.08253479003906
2016-04-22,177.08253479003906
2016-04-25,176.77743530273438
2016-04-26,177.04014587402344
2016-04-27,177.40452575683594
2016-04-28,175.79440307617188
2016-04-29,174.8453826904297
2016-05-02,176.235107421875
2016-05-03,174.70130920410156
2016-05-04,173.72679138183594
2016-05-05,173.69288635253906
2016-05-06,174.32843017578125
2016-05-09,174.47250366210938
2016-05-10,176.641845703125
2016-05-11,174.9894256591797
2016-05-12,175.04026794433594
2016-05-13,173.5149383544922
2016-05-16,175.2266845703125
2016-05-17,173.59121704101562
2016-05-18,173.64207458496094
2016-05-19,173.04037475585938
2016-05-20,174.13356018066406
2016-05-23,173.896240234375
2016-05-24,176.1503448486328
2016-05-25,177.3451690673828
2016-05-26,177.39605712890625
2016-05-27,178.15866088867188
2016-05-31,177.81979370117188
2016-06-01,178.18411254882812
2016-06-02,178.72650146484375
2016-06-03,178.1925811767578
2016-06-06,179.09933471679688
2016-06-07,179.3789825439453
2016-06-08,179.963623046875
2016-06-09,179.7179412841797
2016-06-10,178.0146484375
2016-06-13,176.641845703125
2016-06-14,176.29440307617188
2016-06-15,176.0487060546875
2016-06-16,176.57408142089844
2016-06-17,175.9164276123047
2016-06-20,177.0493927001953
2016-06-21,177.552001953125
2016-06-22,177.26234436035156
2016-06-23,179.57077026367188
2016-06-24,173.1224822998047
2016-06-27,170.02188110351562
2016-06-28,173.0885009765625
2016-06-29,176.03570556640625
2016-06-30,178.4378662109375
2016-07-01,178.81265258789062
2016-07-05,177.52635192871094
2016-07-06,178.59115600585938
2016-07-07,178.4804229736328
2016-07-08,181.13807678222656
2016-07-11,181.77691650390625
2016-07-12,183.0972900390625
2016-07-13,183.07171630859375
2016-07-14,184.09388732910156
2016-07-15,183.84686279296875
2016-07-18,184.34092712402344
2016-07-19,184.15354919433594
2016-07-20,184.92013549804688
2016-07-21,184.2216796875
2016-07-22,185.04794311523438
2016-07-25,184.5453643798828
2016-07-26,184.63052368164062
2016-07-27,184.43460083007812
2016-07-28,184.64761352539062
2016-07-29,184.94569396972656
2016-08-01,184.7923126220703
2016-08-02,183.6083526611328
2016-08-03,184.1449432373047
2016-08-04,184.34092712402344
2016-08-05,185.8485870361328
2016-08-08,185.73785400390625
2016-08-09,185.8485870361328
2016-08-10,185.38864135742188
2016-08-11,186.24896240234375
2016-08-12,186.08709716796875
2016-08-15,186.62374877929688
2016-08-16,185.66119384765625
2016-08-17,186.01046752929688
2016-08-18,186.42782592773438
2016-08-19,186.1552734375
2016-08-22,186.14671325683594
2016-08-23,186.52151489257812
2016-08-24,185.56752014160156
2016-08-25,185.43972778320312
2016-08-26,185.09043884277344
2016-08-29,186.00196838378906
2016-08-30,185.69528198242188
2016-08-31,185.16717529296875
2016-09-01,185.17568969726562
2016-09-02,186.01046752929688
2016-09-06,186.57264709472656
2016-09-07,186.5555877685547
2016-09-08,186.12969970703125
2016-09-09,181.67474365234375
2016-09-12,184.28125
2016-09-13,181.6321258544922
2016-09-14,181.56399536132812
2016-09-15,183.37835693359375
2016-09-16,182.6695098876953
2016-09-19,182.7036895751953
2016-09-20,182.7122802734375
2016-09-21,184.76702880859375
2016-09-22,185.93128967285156
2016-09-23,184.91246032714844
2016-09-26,183.41427612304688
2016-09-27,184.55294799804688
2016-09-28,185.46890258789062
2016-09-29,183.7909698486328
2016-09-30,185.17796325683594
2016-10-03,184.73272705078125
2016-10-04,183.7909698486328
2016-10-05,184.60427856445312
2016-10-06,184.73272705078125
2016-10-07,184.09921264648438
2016-10-10,185.05799865722656
2016-10-11,182.7208251953125
2016-10-12,182.9605712890625
2016-10-13,182.36126708984375
2016-10-14,182.45545959472656
2016-10-17,181.82191467285156
2016-10-18,182.9605712890625
2016-10-19,183.44854736328125
2016-10-20,183.10609436035156
2016-10-21,183.1917266845703
2016-10-24,183.9707794189453
2016-10-25,183.3543701171875
2016-10-26,182.98622131347656
2016-10-27,182.4982452392578
2016-10-28,181.95889282226562
2016-10-31,181.9674835205078
2016-11-01,180.6490936279297
2016-11-02,179.56178283691406
2016-11-03,178.7399139404297
2016-11-04,178.5430450439453
2016-11-07,182.48114013671875
2016-11-08,183.30303955078125
2016-11-09,185.24642944335938
2016-11-10,185.7086639404297
2016-11-11,185.28062438964844
2016-11-14,185.42617797851562
2016-11-15,186.87303161621094
2016-11-16,186.52200317382812
2016-11-17,187.48081970214844
2016-11-18,187.0613555908203
2016-11-21,188.47393798828125
2016-11-22,188.8420867919922
2016-11-23,188.94476318359375
2016-11-25,189.64686584472656
2016-11-28,188.7564697265625
2016-11-29,189.12460327148438
2016-11-30,188.6708526611328
2016-12-01,187.9774627685547
2016-12-02,188.0715789794922
2016-12-05,189.20164489746094
2016-12-06,189.80088806152344
2016-12-07,192.28366088867188
2016-12-08,192.75450134277344
2016-12-09,193.91883850097656
2016-12-12,193.69627380371094
2016-12-13,194.98899841308594
2016-12-14,193.3795166015625
2016-12-15,194.17568969726562
2016-12-16,193.79591369628906
2016-12-19,194.21788024902344
2016-12-20,194.9671173095703
2016-12-21,194.42457580566406
2016-12-22,194.08868408203125
2016-12-23,194.3729248046875
2016-12-27,194.85516357421875
2016-12-28,193.2447967529297
2016-12-29,193.20172119140625
2016-12-30,192.4955291748047
2017-01-03,193.96815490722656
2017-01-04,195.12208557128906
2017-01-05,194.9671173095703
2017-01-06,195.66464233398438
2017-01-09,195.018798828125
2017-01-10,195.018798828125
2017-01-11,195.5698699951172
2017-01-12,195.0790557861328
2017-01-13,195.5268096923828
2017-01-17,194.83790588378906
2017-01-18,195.26849365234375
2017-01-19,194.5450897216797
2017-01-20,195.25987243652344
2017-01-23,194.75181579589844
2017-01-24,196.0005340576172
2017-01-25,197.6969757080078
2017-01-26,197.4902801513672
2017-01-27,197.1802978515625
2017-01-30,195.9574432373047
2017-01-31,195.94021606445312
2017-02-01,196.01771545410156
2017-02-02,196.14691162109375
2017-02-03,197.4989013671875
2017-02-06,197.1457977294922
2017-02-07,197.15444946289062
2017-02-08,197.41278076171875
2017-02-09,198.583984375
2017-02-10,199.36766052246094
2017-02-13,200.45274353027344
2017-02-14,201.2535858154297
2017-02-15,202.30419921875
2017-02-16,202.13194274902344
2017-02-17,202.45057678222656
2017-02-21,203.65625
2017-02-22,203.47531127929688
2017-02-23,203.6132354736328
2017-02-24,203.87149047851562
2017-02-27,204.19009399414062
2017-02-28,203.63902282714844
2017-03-01,206.4894561767578
2017-03-02,205.1891632080078
2017-03-03,205.3182830810547
2017-03-06,204.70681762695312
2017-03-07,204.09542846679688
2017-03-08,203.71649169921875
2017-03-09,203.97488403320312
2017-03-10,204.68960571289062
2017-03-13,204.79293823242188
2017-03-14,204.0093231201172
2017-03-15,205.77467346191406
2017-03-16,205.36988830566406
2017-03-17,205.00926208496094
2017-03-20,204.7843475341797
2017-03-21,202.15505981445312
2017-03-22,202.6307830810547
2017-03-23,202.4145050048828
2017-03-24,202.26751708984375
2017-03-27,202.05990600585938
2017-03-28,203.53024291992188
2017-03-29,203.72056579589844
2017-03-30,204.3691864013672
2017-03-31,203.89353942871094
2017-04-03,203.53890991210938
2017-04-04,203.668701171875
2017-04-05,203.063232421875
2017-04-06,203.63409423828125
2017-04-07,203.42648315429688
2017-04-10,203.5475311279297
2017-04-11,203.30535888671875
2017-04-12,202.4145050048828
2017-04-13,201.09983825683594
2017-04-17,202.88156127929688
2017-04-18,202.27613830566406
2017-04-19,201.90426635742188
2017-04-20,203.5475311279297
2017-04-21,202.89886474609375
2017-04-24,205.1303253173828
2017-04-25,206.3239288330078
2017-04-26,206.19418334960938
2017-04-27,206.36709594726562
2017-04-28,205.9174041748047
2017-05-01,206.4363555908203
2017-05-02,206.5142364501953
2017-05-03,206.2633819580078
2017-05-04,206.50558471679688
2017-05-05,207.31858825683594
2017-05-08,207.28395080566406
2017-05-09,207.09368896484375
2017-05-10,207.46556091308594
2017-05-11,207.04176330566406
2017-05-12,206.6958465576172
2017-05-15,207.8375244140625
2017-05-16,207.64720153808594
2017-05-17,203.9626922607422
2017-05-18,204.7843475341797
2017-05-19,206.11631774902344
2017-05-22,207.1629180908203
2017-05-23,207.6212921142578
2017-05-24,208.1056365966797
2017-05-25,209.1002960205078
2017-05-26,209.05702209472656
2017-05-30,208.8753662109375
2017-05-31,208.82354736328125
2017-06-01,210.48416137695312
2017-06-02,211.18470764160156
2017-06-05,211.02903747558594
2017-06-06,210.3543701171875
2017-06-07,210.74363708496094
2017-06-08,210.847412109375
2017-06-09,210.52740478515625
2017-06-12,210.48416137695312
2017-06-13,211.5133819580078
2017-06-14,211.24525451660156
2017-06-15,210.8387451171875
2017-06-16,210.88475036621094
2017-06-19,212.64048767089844
2017-06-20,211.2064208984375
2017-06-21,211.15423583984375
2017-06-22,211.0586700439453
2017-06-23,211.3107147216797
2017-06-26,211.44979858398438
2017-06-27,209.7462615966797
2017-06-28,211.62356567382812
2017-06-29,209.7636260986328
2017-06-30,210.15476989746094
2017-07-03,210.51113891601562
2017-07-05,210.99778747558594
2017-07-06,209.06834411621094
2017-07-07,210.42416381835938
2017-07-10,210.65013122558594
2017-07-11,210.49371337890625
2017-07-12,212.07557678222656
2017-07-13,212.43182373046875
2017-07-14,213.42266845703125
2017-07-17,213.3965606689453
2017-07-18,213.50962829589844
2017-07-19,214.66552734375
2017-07-20,214.7611541748047
2017-07-21,214.5699462890625
2017-07-24,214.5177764892578
2017-07-25,215.03924560546875
2017-07-26,215.04791259765625
2017-07-27,214.84805297851562
2017-07-28,214.5959930419922
2017-07-31,214.47430419921875
2017-08-01,214.95230102539062
2017-08-02,215.05661010742188
2017-08-03,214.63943481445312
2017-08-04,215.0305633544922
2017-08-07,215.4303436279297
2017-08-08,214.900146484375
2017-08-09,214.89149475097656
2017-08-10,211.85821533203125
2017-08-11,212.17112731933594
2017-08-14,214.27435302734375
2017-08-15,214.24835205078125
2017-08-16,214.62210083007812
2017-08-17,211.27590942382812
2017-08-18,210.9456329345703
2017-08-21,211.11080932617188
2017-08-22,213.318359375
2017-08-23,212.55355834960938
2017-08-24,212.0581512451172
2017-08-25,212.55355834960938
2017-08-28,212.56219482421875
2017-08-29,212.8055877685547
2017-08-30,213.81375122070312
2017-08-31,215.1000213623047
2017-09-01,215.40428161621094
2017-09-05,213.8572235107422
2017-09-06,214.58726501464844
2017-09-07,214.56124877929688
2017-09-08,214.30917358398438
2017-09-11,216.59498596191406
2017-09-12,217.32501220703125
2017-09-13,217.42935180664062
2017-09-14,217.3597869873047
2017-09-15,217.65243530273438
2017-09-18,218.1153106689453
2017-09-19,218.33372497558594
2017-09-20,218.4123077392578
2017-09-21,217.82708740234375
2017-09-22,217.87078857421875
2017-09-25,217.42530822753906
2017-09-26,217.5563201904297
2017-09-27,218.403564453125
2017-09-28,218.6656036376953
2017-09-29,219.4342041015625
2017-10-02,220.38626098632812
2017-10-03,220.85794067382812
2017-10-04,221.11996459960938
2017-10-05,222.4301300048828
2017-10-06,222.17678833007812
2017-10-09,221.80999755859375
2017-10-10,222.3951873779297
2017-10-11,222.74453735351562
2017-10-12,222.4126739501953
2017-10-13,222.68344116210938
2017-10-16,222.9803924560547
2017-10-17,223.1375732421875
2017-10-18,223.35597229003906
2017-10-19,223.41714477539062
2017-10-20,224.57003784179688
2017-10-23,223.69662475585938
2017-10-24,224.0896759033203
2017-10-25,222.9803924560547
2017-10-26,223.26861572265625
2017-10-27,225.09410095214844
2017-10-30,224.255615234375
2017-10-31,224.60498046875
2017-11-01,224.9019775390625
2017-11-02,224.98931884765625
2017-11-03,225.740478515625
2017-11-06,226.08982849121094
2017-11-07,225.93263244628906
2017-11-08,226.31695556640625
2017-11-09,225.49591064453125
2017-11-10,225.42601013183594
2017-11-13,225.63565063476562
2017-11-14,225.111572265625
2017-11-15,223.9848175048828
2017-11-16,225.88897705078125
2017-11-17,225.22515869140625
2017-11-20,225.609375
2017-11-21,227.0855255126953
2017-11-22,226.88467407226562
2017-11-24,227.4087371826172
2017-11-27,227.29522705078125
2017-11-28,229.60104370117188
2017-11-29,229.46127319335938
2017-11-30,231.47021484375
2017-12-01,230.98985290527344
2017-12-04,230.71038818359375
2017-12-05,229.88055419921875
2017-12-06,229.92425537109375
2017-12-07,230.64920043945312
2017-12-08,231.90695190429688
2017-12-11,232.605712890625
2017-12-12,233.01622009277344
2017-12-13,232.9900665283203
2017-12-14,232.0379180908203
2017-12-15,233.97027587890625
2017-12-18,235.45394897460938
2017-12-19,234.54966735839844
2017-12-20,234.42669677734375
2017-12-21,234.90957641601562
2017-12-22,234.84815979003906
2017-12-26,234.56723022460938
2017-12-27,234.681396484375
2017-12-28,235.16415405273438
2017-12-29,234.27749633789062
2018-01-02,235.95428466796875
2018-01-03,237.44679260253906
2018-01-04,238.44752502441406
2018-01-05,240.03656005859375
2018-01-08,240.47544860839844
2018-01-09,241.01988220214844
2018-01-10,240.6510467529297
2018-01-11,242.40696716308594
2018-01-12,243.98707580566406
2018-01-16,243.15306091308594
2018-01-17,245.47073364257812
2018-01-18,245.05812072753906
2018-01-19,246.17311096191406
2018-01-22,248.17469787597656
2018-01-23,248.70150756835938
2018-01-24,248.6048126220703
2018-01-25,248.71022033691406
2018-01-26,251.58978271484375
2018-01-29,249.9217529296875
2018-01-30,247.3582763671875
2018-01-31,247.4812469482422
2018-02-01,247.20025634765625
2018-02-02,241.81871032714844
2018-02-05,231.7052459716797
2018-02-06,236.27035522460938
2018-02-07,234.9886474609375
2018-02-08,226.1744842529297
2018-02-09,229.5719451904297
2018-02-12,232.94309997558594
2018-02-13,233.5225067138672
2018-02-14,236.67422485351562
2018-02-15,239.69424438476562
2018-02-16,239.7643585205078
2018-02-20,238.26321411132812
2018-02-21,237.07803344726562
2018-02-22,237.38526916503906
2018-02-23,241.16905212402344
2018-02-26,243.96949768066406
2018-02-27,240.92324829101562
2018-02-28,238.4827117919922
2018-03-01,235.01490783691406
2018-03-02,236.2263946533203
2018-03-05,238.9567108154297
2018-03-06,239.56251525878906
2018-03-07,239.47474670410156
2018-03-08,240.63352966308594
2018-03-09,244.82119750976562
2018-03-12,244.5138397216797
2018-03-13,242.93365478515625
2018-03-14,241.68702697753906
2018-03-15,241.42359924316406
2018-03-16,241.6854705810547
2018-03-19,238.41537475585938
2018-03-20,238.82081604003906
2018-03-21,238.3624725341797
2018-03-22,232.40408325195312
2018-03-23,227.45045471191406
2018-03-26,233.6732940673828
2018-03-27,229.6981201171875
2018-03-28,229.0193634033203
2018-03-29,231.94577026367188
2018-04-02,226.9392852783203
2018-04-03,229.84796142578125
2018-04-04,232.30706787109375
2018-04-05,234.1404571533203
2018-04-06,228.92245483398438
2018-04-09,230.05068969726562
2018-04-10,233.7086181640625
2018-04-11,232.4833984375
2018-04-12,234.39610290527344
2018-04-13,233.7086181640625
2018-04-16,235.63009643554688
2018-04-17,238.15090942382812
2018-04-18,238.32725524902344
2018-04-19,237.00506591796875
2018-04-20,234.9954376220703
2018-04-23,234.96022033691406
2018-04-24,231.79591369628906
2018-04-25,232.36883544921875
2018-04-26,234.7310028076172
2018-04-27,234.95138549804688
2018-04-30,233.14447021484375
2018-05-01,233.5587615966797
2018-05-02,231.98983764648438
2018-05-03,231.47862243652344
2018-05-04,234.4753875732422
2018-05-07,235.2686767578125
2018-05-08,235.2686767578125
2018-05-09,237.54273986816406
2018-05-10,239.7638702392578
2018-05-11,240.49546813964844
2018-05-14,240.61012268066406
2018-05-15,238.95301818847656
2018-05-16,239.9578094482422
2018-05-17,239.75514221191406
2018-05-18,239.1557159423828
2018-05-21,240.9538116455078
2018-05-22,240.28396606445312
2018-05-23,240.94500732421875
2018-05-24,240.45147705078125
2018-05-25,239.8784942626953
2018-05-29,237.1196746826172
2018-05-30,240.28396606445312
2018-05-31,238.81202697753906
2018-06-01,241.15655517578125
2018-06-04,242.30242919921875
2018-06-05,242.47866821289062
2018-06-06,244.50596618652344
2018-06-07,244.4795379638672
2018-06-08,245.20225524902344
2018-06-11,245.5283660888672
2018-06-12,245.8457489013672
2018-06-13,245.06126403808594
2018-06-14,245.67825317382812
2018-06-15,245.3647918701172
2018-06-18,244.86019897460938
2018-06-19,243.9217071533203
2018-06-20,244.33782958984375
2018-06-21,242.80606079101562
2018-06-22,243.248779296875
2018-06-25,239.9374237060547
2018-06-26,240.4687042236328
2018-06-27,238.4766082763672
2018-06-28,239.840087890625
2018-06-29,240.18533325195312
2018-07-02,240.69888305664062
2018-07-03,239.8489532470703
2018-07-05,241.8055877685547
2018-07-06,243.850830078125
2018-07-09,246.04652404785156
2018-07-10,246.93197631835938
2018-07-11,245.12574768066406
2018-07-12,247.34803771972656
2018-07-13,247.54283142089844
2018-07-16,247.32151794433594
2018-07-17,248.32203674316406
2018-07-18,248.84434509277344
2018-07-19,247.90585327148438
2018-07-20,247.62258911132812
2018-07-23,248.0829315185547
2018-07-24,249.331298828125
2018-07-25,251.4562225341797
2018-07-26,250.86306762695312
2018-07-27,249.1631622314453
2018-07-30,247.86160278320312
2018-07-31,249.0834197998047
2018-08-01,248.667236328125
2018-08-02,250.02191162109375
2018-08-03,251.09327697753906
2018-08-06,252.01400756835938
2018-08-07,252.8462677001953
2018-08-08,252.73997497558594
2018-08-09,252.3946533203125
2018-08-10,250.70359802246094
2018-08-13,249.76513671875
2018-08-14,251.35882568359375
2018-08-15,249.48178100585938
2018-08-16,251.5005340576172
2018-08-17,252.38583374023438
2018-08-20,252.9259796142578
2018-08-21,253.51922607421875
2018-08-22,253.36871337890625
2018-08-23,253.03219604492188
2018-08-24,254.5549774169922
2018-08-27,256.56488037109375
2018-08-28,256.6889343261719
2018-08-29,258.0700378417969
2018-08-30,257.0252990722656
2018-08-31,257.03411865234375
2018-09-04,256.5914306640625
2018-09-05,255.90081787109375
2018-09-06,255.13055419921875
2018-09-07,254.63467407226562
2018-09-10,255.07737731933594
2018-09-11,255.91859436035156
2018-09-12,255.9805450439453
2018-09-13,257.49456787109375
2018-09-14,257.53875732421875
2018-09-17,256.17529296875
2018-09-18,257.5653991699219
2018-09-19,257.8398132324219
2018-09-20,259.9293212890625
2018-09-21,259.69183349609375
2018-09-24,258.82904052734375
2018-09-25,258.5889892578125
2018-09-26,257.81524658203125
2018-09-27,258.53570556640625
2018-09-28,258.56231689453125
2018-10-01,259.4605407714844
2018-10-02,259.3094787597656
2018-10-03,259.4516296386719
2018-10-04,257.42388916015625
2018-10-05,255.98318481445312
2018-10-08,255.98318481445312
2018-10-09,255.6096649169922
2018-10-10,247.5161895751953
2018-10-11,242.0642852783203
2018-10-12,245.42611694335938
2018-10-15,244.0475311279297
2018-10-16,249.3838348388672
2018-10-17,249.42832946777344
2018-10-18,245.8263397216797
2018-10-19,245.69285583496094
2018-10-22,244.5900421142578
2018-10-23,243.34487915039062
2018-10-24,235.9719696044922
2018-10-25,240.20538330078125
2018-10-26,235.98074340820312
2018-10-29,234.67337036132812
2018-10-30,238.1508331298828
2018-10-31,240.6945343017578
2018-11-01,243.2559051513672
2018-11-02,241.81521606445312
2018-11-05,243.14927673339844
2018-11-06,244.68792724609375
2018-11-07,249.9263458251953
2018-11-08,249.4727783203125
2018-11-09,247.035888671875
2018-11-12,242.4199981689453
2018-11-13,241.96633911132812
2018-11-14,240.3121337890625
2018-11-15,242.8201904296875
2018-11-16,243.45172119140625
2018-11-19,239.33380126953125
2018-11-20,234.90469360351562
2018-11-21,235.70510864257812
2018-11-23,234.13084411621094
2018-11-26,237.91075134277344
2018-11-27,238.71121215820312
2018-11-28,244.20761108398438
2018-11-29,243.67401123046875
2018-11-30,245.1592559814453
2018-12-03,248.405517578125
2018-12-04,240.3566131591797
2018-12-06,239.9918670654297
2018-12-07,234.41549682617188
2018-12-10,234.86019897460938
2018-12-11,234.9134979248047
2018-12-12,236.096435546875
2018-12-13,236.01638793945312
2018-12-14,231.6583709716797
2018-12-17,227.11358642578125
2018-12-18,226.86456298828125
2018-12-19,223.46713256835938
2018-12-20,219.8295440673828
2018-12-21,215.32533264160156
2018-12-24,209.63583374023438
2018-12-26,220.22763061523438
2018-12-27,221.9183807373047
2018-12-28,221.63214111328125
2018-12-31,223.5733642578125
2019-01-02,223.8059844970703
2019-01-03,218.46533203125
2019-01-04,225.782958984375
2019-01-07,227.56324768066406
2019-01-08,229.70126342773438
2019-01-09,230.77476501464844
2019-01-10,231.58885192871094
2019-01-11,231.67825317382812
2019-01-14,230.2648468017578
2019-01-15,232.90383911132812
2019-01-16,233.4674072265625
2019-01-17,235.2387237548828
2019-01-18,238.3697052001953
2019-01-22,235.1492156982422
2019-01-23,235.6412811279297
2019-01-24,235.7664794921875
2019-01-25,237.7613983154297
2019-01-28,235.95433044433594
2019-01-29,235.6412811279297
2019-01-30,239.3716583251953
2019-01-31,241.47390747070312
2019-02-01,241.59019470214844
2019-02-04,243.28993225097656
2019-02-05,244.3097381591797
2019-02-06,243.98773193359375
2019-02-07,241.66180419921875
2019-02-08,241.95701599121094
2019-02-11,242.09115600585938
2019-02-12,245.2042999267578
2019-02-13,246.00042724609375
2019-02-14,245.4547882080078
2019-02-15,248.1295928955078
2019-02-19,248.5589599609375
2019-02-20,249.05996704101562
2019-02-21,248.1743621826172
2019-02-22,249.71298217773438
2019-02-25,250.05299377441406
2019-02-26,249.87399291992188
2019-02-27,249.76661682128906
2019-02-28,249.30145263671875
2019-03-01,250.8580322265625
2019-03-04,249.94564819335938
2019-03-05,249.6055908203125
2019-03-06,248.0937957763672
2019-03-07,246.01837158203125
2019-03-08,245.52633666992188
2019-03-11,249.086669921875
2019-03-12,250.0260467529297
2019-03-13,251.68106079101562
2019-03-14,251.5200653076172
2019-03-15,252.76266479492188
2019-03-18,253.67916870117188
2019-03-19,253.7420654296875
2019-03-20,252.97830200195312
2019-03-21,255.8356170654297
2019-03-22,250.9117431640625
2019-03-25,250.72305297851562
2019-03-26,252.59194946289062
2019-03-27,251.27114868164062
2019-03-28,252.22361755371094
2019-03-29,253.8140106201172
2019-04-01,256.82403564453125
2019-04-02,256.9498596191406
2019-04-03,257.3541259765625
2019-04-04,258.0369567871094
2019-04-05,259.28594970703125
2019-04-08,259.483642578125
2019-04-09,258.1537780761719
2019-04-10,259.03436279296875
2019-04-11,258.96246337890625
2019-04-12,260.7145690917969
2019-04-15,260.5438232421875
2019-04-16,260.7145690917969
2019-04-17,260.07666015625
2019-04-18,260.5887756347656
2019-04-22,260.8133850097656
2019-04-23,263.1585388183594
2019-04-24,262.57452392578125
2019-04-25,262.412841796875
2019-04-26,263.6347961425781
2019-04-29,264.0480651855469
2019-04-30,264.1828308105469
2019-05-01,262.1971130371094
2019-05-02,261.6310729980469
2019-05-03,264.1918640136719
2019-05-06,263.1046447753906
2019-05-07,258.71087646484375
2019-05-08,258.35150146484375
2019-05-09,257.56982421875
2019-05-10,258.86358642578125
2019-05-13,252.35845947265625
2019-05-14,254.640625
2019-05-15,256.13214111328125
2019-05-16,258.5042724609375
2019-05-17,256.8330078125
2019-05-20,255.13479614257812
2019-05-21,257.4349670410156
2019-05-22,256.6444091796875
2019-05-23,253.5084228515625
2019-05-24,254.08351135253906
2019-05-28,251.72035217285156
2019-05-29,250.0312042236328
2019-05-30,250.7139892578125
2019-05-31,247.33560180664062
2019-06-03,246.7067108154297
2019-06-04,252.0618896484375
2019-06-05,254.24517822265625
2019-06-06,255.8985137939453
2019-06-07,258.4593505859375
2019-06-10,259.6453857421875
2019-06-11,259.5824279785156
2019-06-12,259.12420654296875
2019-06-13,260.193359375
2019-06-14,259.9058837890625
2019-06-17,260.0046691894531
2019-06-18,262.727294921875
2019-06-19,263.3203125
2019-06-20,265.836181640625
2019-06-21,265.44970703125
2019-06-24,265.12469482421875
2019-06-25,262.5244140625
2019-06-26,262.2624816894531
2019-06-27,263.1925354003906
2019-06-28,264.5468444824219
2019-07-01,266.948486328125
2019-07-02,267.6437683105469
2019-07-03,269.7835388183594
2019-07-05,269.47662353515625
2019-07-08,267.995849609375
2019-07-09,268.3299865722656
2019-07-10,269.6119689941406
2019-07-11,270.24407958984375
2019-07-12,271.4539489746094
2019-07-15,271.5442810058594
2019-07-16,270.6684265136719
2019-07-17,268.8265075683594
2019-07-18,269.8106689453125
2019-07-19,268.3118896484375
2019-07-22,268.97100830078125
2019-07-23,270.89410400390625
2019-07-24,272.16717529296875
2019-07-25,270.8670349121094
2019-07-26,272.6819152832031
2019-07-29,272.1852722167969
2019-07-30,271.5171813964844
2019-07-31,268.54669189453125
2019-08-01,266.2081604003906
2019-08-02,264.20367431640625
2019-08-05,256.2582702636719
2019-08-06,259.851806640625
2019-08-07,260.0052795410156
2019-08-08,265.106689453125
2019-08-09,263.30084228515625
2019-08-12,260.0956115722656
2019-08-13,264.1405334472656
2019-08-14,256.3305358886719
2019-08-15,257.0076599121094
2019-08-16,260.7998352050781
2019-08-19,263.94183349609375
2019-08-20,261.91943359375
2019-08-21,264.0502624511719
2019-08-22,263.9689636230469
2019-08-23,257.1883239746094
2019-08-26,260.03228759765625
2019-08-27,259.0120849609375
2019-08-28,260.83587646484375
2019-08-29,264.1676025390625
2019-08-30,264.0502624511719
2019-09-03,262.50628662109375
2019-09-04,265.48590087890625
2019-09-05,268.89874267578125
2019-09-06,269.1064147949219
2019-09-09,269.2419128417969
2019-09-10,269.1786804199219
2019-09-11,271.0927734375
2019-09-12,272.0317077636719
2019-09-13,271.8512878417969
2019-09-16,271.0115661621094
2019-09-17,271.6977844238281
2019-09-18,271.86029052734375
2019-09-19,271.84222412109375
2019-09-20,270.5578308105469
2019-09-23,270.4942321777344
2019-09-24,268.371826171875
2019-09-25,269.9591064453125
2019-09-26,269.3967590332031
2019-09-27,267.94549560546875
2019-09-30,269.18817138671875
2019-10-01,265.9861145019531
2019-10-02,261.28765869140625
2019-10-03,263.4283142089844
2019-10-04,266.9930419921875
2019-10-07,265.84100341796875
2019-10-08,261.7139892578125
2019-10-09,264.1993103027344
2019-10-10,265.9861145019531
2019-10-11,268.7437744140625
2019-10-14,268.4443664550781
2019-10-15,271.1020812988281
2019-10-16,270.6666564941406
2019-10-17,271.46490478515625
2019-10-18,270.276611328125
2019-10-21,272.10882568359375
2019-10-22,271.2200012207031
2019-10-23,272.00909423828125
2019-10-24,272.4535827636719
2019-10-25,273.56927490234375
2019-10-28,275.1112365722656
2019-10-29,275.0295715332031
2019-10-30,275.8731384277344
2019-10-31,275.1385498046875
2019-11-01,277.6872863769531
2019-11-04,278.80303955078125
2019-11-05,278.49456787109375
2019-11-06,278.55804443359375
2019-11-07,279.53765869140625
2019-11-08,280.2270202636719
2019-11-11,279.69183349609375
2019-11-12,280.28143310546875
2019-11-13,280.3722229003906
2019-11-14,280.7803039550781
2019-11-15,282.8121643066406
2019-11-18,283.0207824707031
2019-11-19,282.9391174316406
2019-11-20,281.886962890625
2019-11-21,281.43341064453125
2019-11-22,282.0592346191406
2019-11-25,284.2453308105469
2019-11-26,284.88934326171875
2019-11-27,286.15924072265625
2019-11-29,285.0979309082031
2019-12-02,282.6760559082031
2019-12-03,280.7803039550781
2019-12-04,282.5128173828125
2019-12-05,283.0207824707031
2019-12-06,285.6059265136719
2019-12-09,284.7078552246094
2019-12-10,284.39044189453125
2019-12-11,285.1976623535156
2019-12-12,287.6558532714844
2019-12-13,287.8282775878906
2019-12-16,289.8055725097656
2019-12-17,289.86920166015625
2019-12-18,289.8872375488281
2019-12-19,291.0754699707031
2019-12-20,292.35162353515625
2019-12-23,292.7981872558594
2019-12-24,292.807373046875
2019-12-26,294.36602783203125
2019-12-27,294.2929992675781
2019-12-30,292.6706237792969
2019-12-31,293.381591796875
2020-01-02,296.125244140625
2020-01-03,293.8830261230469
2020-01-06,295.004150390625
2020-01-07,294.1746520996094
2020-01-08,295.742431640625
2020-01-09,297.747802734375
2020-01-10,296.89093017578125
2020-01-13,298.93280029296875
2020-01-14,298.4769287109375
2020-01-15,299.1515197753906
2020-01-16,301.6399841308594
2020-01-17,302.57879638671875
2020-01-21,301.986328125
2020-01-22,302.02276611328125
2020-01-23,302.36920166015625
2020-01-24,299.68017578125
2020-01-27,294.87646484375
2020-01-28,297.9665832519531
2020-01-29,297.7204895019531
2020-01-30,298.6866455078125
2020-01-31,293.2630920410156
2020-02-03,295.4416198730469
2020-02-04,299.9444885253906
2020-02-05,303.40838623046875
2020-02-06,304.4292907714844
2020-02-07,302.80670166015625
2020-02-10,305.06719970703125
2020-02-11,305.59600830078125
2020-02-12,307.56488037109375
2020-02-13,307.2366943359375
2020-02-14,307.7290344238281
2020-02-18,306.9359130859375
2020-02-19,308.4034423828125
2020-02-20,307.1363830566406
2020-02-21,303.97344970703125
2020-02-24,293.89208984375
2020-02-25,284.9865417480469
2020-02-26,283.93829345703125
2020-02-27,271.18609619140625
2020-02-28,270.04681396484375
2020-03-02,281.74151611328125
2020-03-03,273.6745300292969
2020-03-04,285.1778869628906
2020-03-05,275.69805908203125
2020-03-06,271.1405334472656
2020-03-09,249.9659423828125
2020-03-10,262.90045166015625
2020-03-11,250.0844268798828
2020-03-12,226.15704345703125
2020-03-13,245.4904327392578
2020-03-16,218.62791442871094
2020-03-17,230.43206787109375
2020-03-18,218.76461791992188
2020-03-19,219.22950744628906
2020-03-20,209.78199768066406
2020-03-23,204.41827392578125
2020-03-24,222.93922424316406
2020-03-25,226.27659606933594
2020-03-26,239.48892211914062
2020-03-27,232.35556030273438
2020-03-30,239.90150451660156
2020-03-31,236.3256378173828
2020-04-01,225.6898651123047
2020-04-02,230.89773559570312
2020-04-03,227.560302734375
2020-04-06,242.8446502685547
2020-04-07,243.09226989746094
2020-04-08,251.25244140625
2020-04-09,255.0758056640625
2020-04-13,252.74700927734375
2020-04-14,260.20123291015625
2020-04-15,254.6724395751953
2020-04-16,255.90106201171875
2020-04-17,262.8143005371094
2020-04-20,258.1841125488281
2020-04-21,250.34474182128906
2020-04-22,255.90106201171875
2020-04-23,255.8826904296875
2020-04-24,259.4493103027344
2020-04-27,263.190185546875
2020-04-28,261.97998046875
2020-04-29,268.8381652832031
2020-04-30,266.3351135253906
2020-05-01,259.28436279296875
2020-05-04,259.99951171875
2020-05-05,262.4017333984375
2020-05-06,260.62286376953125
2020-05-07,263.767822265625
2020-05-08,268.1322326660156
2020-05-11,268.1871643066406
2020-05-12,262.8418884277344
2020-05-13,258.1932678222656
2020-05-14,261.2831115722656
2020-05-15,262.4841613769531
2020-05-18,270.4793701171875
2020-05-19,267.70123291015625
2020-05-20,272.2490234375
2020-05-21,270.3692932128906
2020-05-22,270.8828430175781
2020-05-26,274.22021484375
2020-05-27,278.30035400390625
2020-05-28,277.78692626953125
2020-05-29,279.02471923828125
2020-06-01,280.1524658203125
2020-06-02,282.47216796875
2020-06-03,286.2314147949219
2020-06-04,285.47955322265625
2020-06-05,292.79632568359375
2020-06-08,296.3354187011719
2020-06-09,294.1257019042969
2020-06-10,292.48443603515625
2020-06-11,275.623046875
2020-06-12,278.92376708984375
2020-06-15,281.5277404785156
2020-06-16,286.9465637207031
2020-06-17,285.7546081542969
2020-06-18,285.8646240234375
2020-06-19,284.2309875488281
2020-06-22,286.0543518066406
2020-06-23,287.37127685546875
2020-06-24,280.0407409667969
2020-06-25,283.0430603027344
2020-06-26,276.3203430175781
2020-06-29,280.3815002441406
2020-06-30,283.9730224609375
2020-07-01,285.9622497558594
2020-07-02,287.5369873046875
2020-07-06,291.975830078125
2020-07-07,288.9644775390625
2020-07-08,291.1746826171875
2020-07-09,289.5169982910156
2020-07-10,292.4731140136719
2020-07-13,289.9406433105469
2020-07-14,293.69793701171875
2020-07-15,296.3961486816406
2020-07-16,295.4201354980469
2020-07-17,296.2764587402344
2020-07-20,298.6708984375
2020-07-21,299.3063049316406
2020-07-22,301.00994873046875
2020-07-23,297.41845703125
2020-07-24,295.50299072265625
2020-07-27,297.6578674316406
2020-07-28,295.7699890136719
2020-07-29,299.40753173828125
2020-07-30,298.3393859863281
2020-07-31,300.6968994140625
2020-08-03,302.7873840332031
2020-08-04,303.9569091796875
2020-08-05,305.84478759765625
2020-08-06,307.88922119140625
2020-08-07,308.1102600097656
2020-08-10,309.0310974121094
2020-08-11,306.480224609375
2020-08-12,310.7532043457031
2020-08-13,310.19146728515625
2020-08-14,310.2007141113281
2020-08-17,311.1860656738281
2020-08-18,311.85833740234375
2020-08-19,310.5599365234375
2020-08-20,311.52685546875
2020-08-21,312.6319580078125
2020-08-24,315.7998352050781
2020-08-25,316.9049377441406
2020-08-26,320.0821533203125
2020-08-27,320.7821044921875
2020-08-28,322.8540344238281
2020-08-31,321.6844787597656
2020-09-01,324.71429443359375
2020-09-02,329.4110412597656
2020-09-03,318.074462890625
2020-09-04,315.4775085449219
2020-09-08,306.8577880859375
2020-09-09,312.91748046875
2020-09-10,307.4839782714844
2020-09-11,307.640625
2020-09-14,311.692626953125
2020-09-15,313.267333984375
2020-09-16,312.02410888671875
2020-09-17,309.2798156738281
2020-09-18,305.7191467285156
2020-09-21,302.3165588378906
2020-09-22,305.39556884765625
2020-09-23,298.31304931640625
2020-09-24,299.1082763671875
2020-09-25,303.94384765625
2020-09-28,308.9923095703125
2020-09-29,307.3094177246094
2020-09-30,309.6394958496094
2020-10-01,311.6273193359375
2020-10-02,308.66864013671875
2020-10-05,314.1423645019531
2020-10-06,309.6764221191406
2020-10-07,315.0669250488281
2020-10-08,317.85919189453125
2020-10-09,320.6976623535156
2020-10-12,325.8569641113281
2020-10-13,323.7303466796875
2020-10-14,321.69622802734375
2020-10-15,321.29876708984375
2020-10-16,321.10455322265625
2020-10-19,316.22259521484375
2020-10-20,317.4893493652344
2020-10-21,316.8883972167969
2020-10-22,318.6265869140625
2020-10-23,319.70843505859375
2020-10-26,313.8002014160156
2020-10-27,312.7184143066406
2020-10-28,302.0299987792969
2020-10-29,305.09967041015625
2020-10-30,301.9190368652344
2020-11-02,305.3031005859375
2020-11-03,310.6935729980469
2020-11-04,317.63720703125
2020-11-05,323.8321228027344
2020-11-06,323.75811767578125
2020-11-09,327.82635498046875
2020-11-10,327.3455810546875
2020-11-11,329.77734375
2020-11-12,326.5781555175781
2020-11-13,331.09954833984375
2020-11-16,335.232421875
2020-11-17,333.4293518066406
2020-11-18,329.4166259765625
2020-11-19,330.80364990234375
2020-11-20,328.5382385253906
2020-11-23,330.5076904296875
2020-11-24,335.8334045410156
2020-11-25,335.315673828125
2020-11-27,336.2495422363281
2020-11-30,334.7607727050781
2020-12-01,338.4222412109375
2020-12-02,339.1342468261719
2020-12-03,339.04180908203125
2020-12-04,341.9635009765625
2020-12-07,341.2607421875
2020-12-08,342.2593688964844
2020-12-09,339.18975830078125
2020-12-10,339.0788269042969
2020-12-11,338.68121337890625
2020-12-14,337.16497802734375
2020-12-15,341.72308349609375
2020-12-16,342.2593688964844
2020-12-17,344.17327880859375
2020-12-18,342.7990417480469
2020-12-21,341.5733642578125
2020-12-22,340.99761962890625
2020-12-23,341.3041076660156
2020-12-24,342.63189697265625
2020-12-28,345.5754089355469
2020-12-29,344.9161376953125
2020-12-30,345.4081726074219
2020-12-31,347.16314697265625
2021-01-04,342.4368896484375
2021-01-05,344.79541015625
2021-01-06,346.85675048828125
2021-01-07,352.0102233886719
2021-01-08,354.0158386230469
2021-01-11,351.6295166015625
2021-01-12,351.7038269042969
2021-01-13,352.6509094238281
2021-01-14,351.4159851074219
2021-01-15,348.8531494140625
2021-01-19,351.5923767089844
2021-01-20,356.45794677734375
2021-01-21,356.7828674316406
2021-01-22,355.52008056640625
2021-01-25,356.922119140625
2021-01-26,356.36505126953125
2021-01-27,347.65533447265625
2021-01-28,350.6451721191406
2021-01-29,343.6254577636719
2021-02-01,349.3453369140625
2021-02-02,354.28515625
2021-02-03,354.5636901855469
2021-02-04,358.59356689453125
2021-02-05,360.0049133300781
2021-02-08,362.6048583984375
2021-02-09,362.3634033203125
2021-02-10,362.20562744140625
2021-02-11,362.79052734375
2021-02-12,364.5826110839844
2021-02-16,364.2669372558594
2021-02-17,364.35052490234375
2021-02-18,362.7998046875
2021-02-19,362.15911865234375
2021-02-22,359.3735046386719
2021-02-23,359.8099060058594
2021-02-24,363.7747497558594
2021-02-25,355.0093994140625
2021-02-26,353.1801452636719
2021-03-01,361.7413330078125
2021-03-02,358.9185485839844
2021-03-03,354.1644592285156
2021-03-04,349.78179931640625
2021-03-05,356.2165222167969
2021-03-08,354.4429016113281
2021-03-09,359.5035400390625
2021-03-10,361.7413330078125
2021-03-11,365.4090270996094
2021-03-12,365.9012145996094
2021-03-15,368.08319091796875
2021-03-16,367.6189880371094
2021-03-17,368.87255859375
2021-03-18,363.50555419921875
2021-03-19,362.83294677734375
2021-03-22,365.7301025390625
2021-03-23,362.8515625
2021-03-24,361.007080078125
2021-03-25,363.0378723144531
2021-03-26,368.88824462890625
2021-03-29,368.70184326171875
2021-03-30,367.7237854003906
2021-03-31,369.2142028808594
2021-04-01,373.2014465332031
2021-04-05,378.5580139160156
2021-04-06,378.3345031738281
2021-04-07,378.7723388671875
2021-04-08,380.57025146484375
2021-04-09,383.33709716796875
2021-04-12,383.476806640625
2021-04-13,384.61334228515625
2021-04-14,383.2998352050781
2021-04-15,387.4174499511719
2021-04-16,388.71221923828125
2021-04-19,386.8025817871094
2021-04-20,383.9706115722656
2021-04-21,387.6037292480469
2021-04-22,384.06378173828125
2021-04-23,388.2279052734375
2021-04-26,389.038330078125
2021-04-27,388.95452880859375
2021-04-28,388.8427429199219
2021-04-29,391.32080078125
2021-04-30,388.7495422363281
2021-05-03,389.5881042480469
2021-05-04,387.1844787597656
2021-05-05,387.3056640625
2021-05-06,390.39837646484375
2021-05-07,393.23980712890625
2021-05-10,389.34576416015625
2021-05-11,385.87103271484375
2021-05-12,377.6730041503906
2021-05-13,382.2098388671875
2021-05-14,388.078857421875
2021-05-17,387.09124755859375
2021-05-18,383.7561950683594
2021-05-19,382.750244140625
2021-05-20,386.86773681640625
2021-05-21,386.5511169433594
2021-05-24,390.4916687011719
2021-05-25,389.6252746582031
2021-05-26,390.39837646484375
2021-05-27,390.60345458984375
2021-05-28,391.3021545410156
2021-06-01,390.95733642578125
2021-06-02,391.5722961425781
2021-06-03,390.1189880371094
2021-06-04,393.6870422363281
2021-06-07,393.3050231933594
2021-06-08,393.38885498046875
2021-06-09,392.8019104003906
2021-06-10,394.62786865234375
2021-06-11,395.27996826171875
2021-06-14,396.1650390625
2021-06-15,395.4383239746094
2021-06-16,393.23046875
2021-06-17,393.1001281738281
2021-06-18,387.7969970703125
2021-06-21,393.3486328125
2021-06-22,395.45159912109375
2021-06-23,394.97503662109375
2021-06-24,397.3115234375
2021-06-25,398.7228088378906
2021-06-28,399.5265808105469
2021-06-29,399.7415771484375
2021-06-30,400.07794189453125
2021-07-01,402.29302978515625
2021-07-02,405.3680114746094
2021-07-06,404.6296691894531
2021-07-07,406.0597229003906
2021-07-08,402.7509460449219
2021-07-09,407.0503234863281
2021-07-12,408.5083923339844
2021-07-13,407.1158447265625
2021-07-14,407.7233581542969
2021-07-15,406.3307189941406
2021-07-16,403.1436462402344
2021-07-19,397.19000244140625
2021-07-20,402.8818359375
2021-07-21,406.143798828125
2021-07-22,406.99420166015625
2021-07-23,411.1814270019531
2021-07-26,412.1908264160156
2021-07-27,410.3122253417969
2021-07-28,410.1440124511719
2021-07-29,411.84503173828125
2021-07-30,409.84490966796875
2021-08-02,408.9850158691406
2021-08-03,412.31231689453125
2021-08-04,410.28424072265625
2021-08-05,412.8824768066406
2021-08-06,413.56475830078125
2021-08-09,413.228271484375
2021-08-10,413.7423400878906
2021-08-11,414.77044677734375
2021-08-12,416.01348876953125
2021-08-13,416.77056884765625
2021-08-16,417.75189208984375
2021-08-17,415.013427734375
2021-08-18,410.47113037109375
2021-08-19,411.1066589355469
2021-08-20,414.3778076171875
2021-08-23,418.02301025390625
2021-08-24,418.6865539550781
2021-08-25,419.56512451171875
2021-08-26,417.0882873535156
2021-08-27,420.8175354003906
2021-08-30,422.6680908203125
2021-08-31,422.0419006347656
2021-09-01,422.26617431640625
2021-09-02,423.5653076171875
2021-09-03,423.4624938964844
2021-09-07,421.9483947753906
2021-09-08,421.43438720703125
2021-09-09,419.6305236816406
2021-09-10,416.32196044921875
2021-09-13,417.3873596191406
2021-09-14,415.13494873046875
2021-09-15,418.6024169921875
2021-09-16,417.93890380859375
2021-09-17,413.8677062988281
2021-09-20,406.9667663574219
2021-09-21,406.5823059082031
2021-09-22,410.5484619140625
2021-09-23,415.5366516113281
2021-09-24,416.2210693359375
2021-09-27,415.0303039550781
2021-09-28,406.6667175292969
2021-09-29,407.3511962890625
2021-09-30,402.3724060058594
2021-10-01,407.154296875
2021-10-04,401.903564453125
2021-10-05,406.0853271484375
2021-10-06,407.7730407714844
2021-10-07,411.29852294921875
2021-10-08,410.5484619140625
2021-10-11,407.5762023925781
2021-10-12,406.57293701171875
2021-10-13,408.03564453125
2021-10-14,414.8990783691406
2021-10-15,418.058837890625
2021-10-18,419.2965393066406
2021-10-19,422.5313720703125
2021-10-20,424.19091796875
2021-10-21,425.2973327636719
2021-10-22,424.8566589355469
2021-10-25,427.1350402832031
2021-10-26,427.5194396972656
2021-10-27,425.62542724609375
2021-10-28,429.7323303222656
2021-10-29,430.604248046875
2021-11-01,431.344970703125
2021-11-02,433.0889892578125
2021-11-03,435.7331848144531
2021-11-04,437.7864990234375
2021-11-05,439.305419921875
2021-11-08,439.68048095703125
2021-11-09,438.2271728515625
2021-11-10,434.7016296386719
2021-11-11,434.8422546386719
2021-11-12,438.1240539550781
2021-11-15,438.2740783691406
2021-11-16,440.0086669921875
2021-11-17,438.9397277832031
2021-11-18,440.43060302734375
2021-11-19,439.6429748535156
2021-11-22,438.4054260253906
2021-11-23,438.98663330078125
2021-11-24,440.1586608886719
2021-11-26,430.3417663574219
2021-11-29,435.62060546875
2021-11-30,427.14434814453125
2021-12-01,422.40008544921875
2021-12-02,428.8697204589844
2021-12-03,425.13787841796875
2021-12-06,430.1730041503906
2021-12-07,439.0710144042969
2021-12-08,440.233642578125
2021-12-09,437.261474609375
2021-12-10,441.3775634765625
2021-12-13,437.4677734375
2021-12-14,434.4579162597656
2021-12-15,441.2463684082031
2021-12-16,437.355224609375
2021-12-17,432.7004699707031
2021-12-20,428.0994567871094
2021-12-21,435.7020263671875
2021-12-22,440.05841064453125
2021-12-23,442.7965393066406
2021-12-27,449.06304931640625
2021-12-28,448.6960754394531
2021-12-29,449.27001953125
2021-12-30,448.02801513671875
2021-12-31,446.8988952636719
2022-01-03,449.4864501953125
2022-01-04,449.3359069824219
2022-01-05,440.7076721191406
2022-01-06,440.293701171875
2022-01-07,438.552978515625
2022-01-10,438.00726318359375
2022-01-11,441.99676513671875
2022-01-12,443.191650390625
2022-01-13,437.0851745605469
2022-01-14,437.26397705078125
2022-01-18,429.5201110839844
2022-01-19,425.0601806640625
2022-01-20,420.3556213378906
2022-01-21,412.103759765625
2022-01-24,413.85382080078125
2022-01-25,408.80108642578125
2022-01-26,407.7755126953125
2022-01-27,405.76190185546875
2022-01-28,415.8392028808594
2022-01-31,423.3289489746094
2022-02-01,426.1893005371094
2022-02-02,430.3293762207031
2022-02-03,420.2144775390625
2022-02-04,422.1903991699219
2022-02-07,420.83544921875
2022-02-08,424.2980651855469
2022-02-09,430.50811767578125
2022-02-10,422.77374267578125
2022-02-11,414.4372253417969
2022-02-14,413.082275390625
2022-02-15,419.7440490722656
2022-02-16,420.2144775390625
2022-02-17,411.23809814453125
2022-02-18,408.5753173828125
2022-02-22,404.19061279296875
2022-02-23,397.02081298828125
2022-02-24,402.99560546875
2022-02-25,411.8873291015625
2022-02-28,410.8335266113281
2022-03-01,404.5763244628906
2022-03-02,412.01904296875
2022-03-03,409.9678649902344
2022-03-04,406.636962890625
2022-03-07,394.649658203125
2022-03-08,391.6575927734375
2022-03-09,402.1582336425781
2022-03-10,400.34222412109375
2022-03-11,395.25189208984375
2022-03-14,392.3632507324219
2022-03-15,400.9915466308594
2022-03-16,409.8831787109375
2022-03-17,415.0111999511719
2022-03-18,419.5566711425781
2022-03-21,419.4340515136719
2022-03-22,424.3420715332031
2022-03-23,418.877197265625
2022-03-24,425.1914978027344
2022-03-25,427.26800537109375
2022-03-28,430.3070983886719
2022-03-29,435.6303405761719
2022-03-30,432.9404602050781
2022-03-31,426.27685546875
2022-04-01,427.48504638671875
2022-04-04,431.1471252441406
2022-04-05,425.70111083984375
2022-04-06,421.4444274902344
2022-04-07,423.5680236816406
2022-04-08,422.4354553222656
2022-04-11,415.215087890625
2022-04-12,413.67657470703125
2022-04-13,418.4146423339844
2022-04-14,413.2046813964844
2022-04-18,413.37451171875
2022-04-19,420.0474548339844
2022-04-20,419.7360534667969
2022-04-21,413.4595031738281
2022-04-22,402.114501953125
2022-04-25,404.4457702636719
2022-04-26,392.7326965332031
2022-04-27,393.8369445800781
2022-04-28,403.7851257324219
2022-04-29,388.8630065917969
2022-05-02,391.20367431640625
2022-05-03,392.99700927734375
2022-05-04,404.96490478515625
2022-05-05,390.5712890625
2022-05-06,388.2399597167969
2022-05-09,375.8096923828125
2022-05-10,376.677978515625
2022-05-11,370.69403076171875
2022-05-12,370.3070373535156
2022-05-13,379.1602478027344
2022-05-16,377.6217956542969
2022-05-17,385.3896484375
2022-05-18,369.85394287109375
2022-05-19,367.5887756347656
2022-05-20,367.74920654296875
2022-05-23,374.6298828125
2022-05-24,371.7700500488281
2022-05-25,375.0545654296875
2022-05-26,382.54864501953125
2022-05-27,391.93988037109375
2022-05-31,389.7406921386719
2022-06-01,386.5882873535156
2022-06-02,393.9503173828125
2022-06-03,387.4849853515625
2022-06-06,388.6648254394531
2022-06-07,392.39300537109375
2022-06-08,388.1268005371094
2022-06-09,378.8960266113281
2022-06-10,367.90972900390625
2022-06-13,353.9407653808594
2022-06-14,352.8742370605469
2022-06-15,357.9048767089844
2022-06-16,346.05975341796875
2022-06-17,346.8056945800781
2022-06-21,355.5361633300781
2022-06-22,354.89154052734375
2022-06-23,358.3703918457031
2022-06-24,369.7643737792969
2022-06-27,368.3520202636719
2022-06-28,360.8254699707031
2022-06-29,360.5316162109375
2022-06-30,357.6025695800781
2022-07-01,361.38470458984375
2022-07-05,362.0672607421875
2022-07-06,363.29010009765625
2022-07-07,368.7311096191406
2022-07-08,368.42779541015625
2022-07-11,364.21905517578125
2022-07-12,360.99603271484375
2022-07-13,359.1003112792969
2022-07-14,358.2281799316406
2022-07-15,365.0721740722656
2022-07-18,362.05780029296875
2022-07-19,371.8403015136719
2022-07-20,374.21002197265625
2022-07-21,378.0207214355469
2022-07-22,374.513427734375
2022-07-25,374.9684143066406
2022-07-26,370.5321960449219
2022-07-27,380.153564453125
2022-07-28,384.9216003417969
2022-07-29,390.53326416015625
2022-08-01,389.37689208984375
2022-08-02,386.8079528808594
2022-08-03,392.8651428222656
2022-08-04,392.59979248046875
2022-08-05,391.9361572265625
2022-08-08,391.4811706542969
2022-08-09,389.9266052246094
2022-08-10,398.1165771484375
2022-08-11,398.1165771484375
2022-08-12,404.8563232421875
2022-08-15,406.5246887207031
2022-08-16,407.32098388671875
2022-08-17,404.4297180175781
2022-08-18,405.60516357421875
2022-08-19,400.1546325683594
2022-08-22,391.8224182128906
2022-08-23,390.87457275390625
2022-08-24,392.1257629394531
2022-08-25,397.6615905761719
2022-08-26,384.2011413574219
2022-08-29,381.6607666015625
2022-08-30,377.4709777832031
2022-08-31,374.5987243652344
2022-09-01,375.7741394042969
2022-09-02,371.81182861328125
2022-09-06,370.4089660644531
2022-09-07,377.06329345703125
2022-09-08,379.5279541015625
2022-09-09,385.4239501953125
2022-09-12,389.56640625
2022-09-13,372.6270446777344
2022-09-14,374.04901123046875
2022-09-15,369.80224609375
2022-09-16,366.98114013671875
2022-09-19,369.82696533203125
2022-09-20,365.58197021484375
2022-09-21,359.204833984375
2022-09-22,356.1875305175781
2022-09-23,350.2196960449219
2022-09-26,346.7550354003906
2022-09-27,345.86993408203125
2022-09-28,352.67535400390625
2022-09-29,345.3083190917969
2022-09-30,339.9686279296875
2022-10-03,348.9441833496094
2022-10-04,359.7567443847656
2022-10-05,358.9191589355469
2022-10-06,355.2167053222656
2022-10-07,345.3083190917969
2022-10-10,342.6717834472656
2022-10-11,340.5016784667969
2022-10-12,339.37847900390625
2022-10-13,348.3350524902344
2022-10-14,340.3969421386719
2022-10-17,349.1441345214844
2022-10-18,353.2463684082031
2022-10-19,350.7431335449219
2022-10-20,347.8020324707031
2022-10-21,356.254150390625
2022-10-24,360.6134338378906
2022-10-25,366.3719482421875
2022-10-26,363.6116943359375
2022-10-27,361.6699523925781
2022-10-28,370.27435302734375
2022-10-31,367.59979248046875
2022-11-01,365.9911193847656
2022-11-02,356.80621337890625
2022-11-03,353.1322326660156
2022-11-04,358.21490478515625
2022-11-07,361.6413879394531
2022-11-08,363.5926513671875
2022-11-09,356.1018981933594
2022-11-10,375.6711120605469
2022-11-11,379.3070373535156
2022-11-14,376.08050537109375
2022-11-15,379.2880859375
2022-11-16,376.39453125
2022-11-17,375.2427673339844
2022-11-18,376.94659423828125
2022-11-21,375.5760192871094
2022-11-22,380.6300964355469
2022-11-23,383.0286560058594
2022-11-25,382.94293212890625
2022-11-28,376.83233642578125
2022-11-29,376.1850891113281
2022-11-30,388.03521728515625
2022-12-01,387.7496032714844
2022-12-02,387.30218505859375
2022-12-05,380.3350524902344
2022-12-06,374.85260009765625
2022-12-07,374.21490478515625
2022-12-08,377.14642333984375
2022-12-09,374.3290710449219
2022-12-12,379.7258605957031
2022-12-13,382.600341796875
2022-12-14,380.1541748046875
2022-12-15,370.8550109863281
2022-12-16,366.4766540527344
2022-12-19,363.3689880371094
2022-12-20,363.86614990234375
2022-12-21,369.306884765625
2022-12-22,364.0383605957031
2022-12-23,366.1324157714844
2022-12-27,364.6885681152344
2022-12-28,360.15625
2022-12-29,366.6391296386719
2022-12-30,365.6733703613281
2023-01-03,364.1340026855469
2023-01-04,366.9450988769531
2023-01-05,362.757080078125
2023-01-06,371.07586669921875
2023-01-09,370.8655090332031
2023-01-10,373.46630859375
2023-01-11,378.18988037109375
2023-01-12,379.5667419433594
2023-01-13,381.03924560546875
2023-01-17,380.34130859375
2023-01-18,374.33642578125
2023-01-19,371.611328125
2023-01-20,378.5340576171875
2023-01-23,383.075927734375
2023-01-24,382.664794921875
2023-01-25,382.80828857421875
2023-01-26,387.0154113769531
2023-01-27,387.90472412109375
2023-01-30,383.0377502441406
2023-01-31,388.669677734375
2023-02-01,392.80035400390625
2023-02-02,398.5183410644531
2023-02-03,394.2824401855469
2023-02-06,391.8728332519531
2023-02-07,396.9979553222656
2023-02-08,392.6568908691406
2023-02-09,389.2528076171875
2023-02-10,390.1612854003906
2023-02-13,394.7414245605469
2023-02-14,394.55975341796875
2023-02-15,395.8409729003906
2023-02-16,390.39080810546875
2023-02-17,389.41546630859375
2023-02-21,381.6034851074219
2023-02-22,381.0775451660156
2023-02-23,383.1046447753906
2023-02-24,379.01220703125
2023-02-27,380.3030090332031
2023-02-28,378.8974609375
2023-03-01,377.4440612792969
2023-03-02,380.37945556640625
2023-03-03,386.47998046875
2023-03-06,386.74774169921875
2023-03-07,380.8193664550781
2023-03-08,381.44085693359375
2023-03-09,374.4033508300781
2023-03-10,369.0009765625
2023-03-13,368.47503662109375
2023-03-14,374.56591796875
2023-03-15,372.2232666015625
2023-03-16,378.7540283203125
2023-03-17,374.3253479003906
2023-03-20,377.9246826171875
2023-03-21,382.8869934082031
2023-03-22,376.3601989746094
2023-03-23,377.3776550292969
2023-03-24,379.8539123535156
2023-03-27,380.5642395019531
2023-03-28,379.7099914550781
2023-03-29,385.22900390625
2023-03-30,387.4847106933594
2023-03-31,392.9461364746094
2023-04-03,394.4435119628906
2023-04-04,392.25506591796875
2023-04-05,391.2280578613281
2023-04-06,392.7541198730469
2023-04-10,393.1571960449219
2023-04-11,393.2628173828125
2023-04-12,391.65997314453125
2023-04-13,396.8621826171875
2023-04-14,395.8927917480469
2023-04-17,397.3133850097656
2023-04-18,397.5724792480469
2023-04-19,397.5052795410156
2023-04-20,395.3360900878906
2023-04-21,395.6432800292969
2023-04-24,396.0559387207031
2023-04-25,389.76904296875
2023-04-26,388.1181945800781
2023-04-27,395.8448486328125
2023-04-28,399.2233581542969
2023-05-01,398.82025146484375
2023-05-02,394.337890625
2023-05-03,391.6311340332031
2023-05-04,388.8572082519531
2023-05-05,396.0559387207031
2023-05-08,396.1615295410156
2023-05-09,394.4241943359375
2023-05-10,396.2671813964844
2023-05-11,395.57611083984375
2023-05-12,395.0577392578125
2023-05-15,396.420654296875
2023-05-16,393.7716064453125
2023-05-17,398.5516052246094
2023-05-18,402.390869140625
2023-05-19,401.80535888671875
2023-05-22,401.9685974121094
2023-05-23,397.4573059082031
2023-05-24,394.5777893066406
2023-05-25,397.994873046875
2023-05-26,403.1491394042969
2023-05-30,403.302734375
2023-05-31,401.0663146972656
2023-06-01,404.8768310546875
2023-06-02,410.7318115234375
2023-06-05,409.9447937011719
2023-06-06,410.83740234375
2023-06-07,409.4168395996094
2023-06-08,411.8932800292969
2023-06-09,412.6322937011719
2023-06-12,416.3756408691406
2023-06-13,419.1206970214844
2023-06-14,419.6199035644531
2023-06-15,424.82220458984375
2023-06-16,423.3751525878906
2023-06-20,421.1786193847656
2023-06-21,419.0206298828125
2023-06-22,420.5330810546875
2023-06-23,417.3539123535156
2023-06-26,415.6486511230469
2023-06-27,420.20556640625
2023-06-28,420.4175109863281
2023-06-29,422.0745544433594
2023-06-30,427.05535888671875
2023-07-03,427.5466613769531
2023-07-05,426.9107360839844
2023-07-06,423.5678405761719
2023-07-07,422.4984130859375
2023-07-10,423.5678405761719
2023-07-11,426.26531982421875
2023-07-12,429.69500732421875
2023-07-13,433.1054382324219
2023-07-14,432.8357238769531
2023-07-17,434.338623046875
2023-07-18,437.56597900390625
2023-07-19,438.5390625
2023-07-20,435.62957763671875
2023-07-21,435.62957763671875
2023-07-24,437.5756530761719
2023-07-25,438.77032470703125
2023-07-26,438.8377380371094
2023-07-27,435.9281921386719
2023-07-28,440.1960754394531
2023-07-31,441.0342102050781
2023-08-01,439.77215576171875
2023-08-02,433.6546325683594
2023-08-03,432.41180419921875
2023-08-04,430.4561462402344
2023-08-07,434.21337890625
2023-08-08,432.32513427734375
2023-08-09,429.4349365234375
2023-08-10,429.5890808105469
2023-08-11,429.3385925292969
2023-08-14,431.70849609375
2023-08-15,426.6795654296875
2023-08-16,423.5484924316406
2023-08-17,420.3211975097656
2023-08-18,420.5234375
2023-08-21,423.2595520019531
2023-08-22,422.1130676269531
2023-08-23,426.8144836425781
2023-08-24,420.8992614746094
2023-08-25,423.8664855957031
2023-08-28,426.5544128417969
2023-08-29,432.7201232910156
2023-08-30,434.50244140625
2023-08-31,433.8665466308594
2023-09-01,434.67584228515625
2023-09-05,432.79718017578125
2023-09-06,429.88775634765625
2023-09-07,428.5678405761719
2023-09-08,429.2132873535156
2023-09-11,432.0361633300781
2023-09-12,429.6661376953125
2023-09-13,430.1671447753906
2023-09-14,433.8761901855469
2023-09-15,428.6487121582031
2023-09-18,428.9000549316406
2023-09-19,428.0106201171875
2023-09-20,424.07574462890625
2023-09-21,417.0665283203125
2023-09-22,416.12872314453125
2023-09-25,417.8786315917969
2023-09-26,411.73944091796875
2023-09-27,411.9037780761719
2023-09-28,414.29180908203125
2023-09-29,413.2862854003906
2023-10-02,413.1219787597656
2023-10-03,407.59185791015625
2023-10-04,410.5599365234375
2023-10-05,410.4053039550781
2023-10-06,415.27789306640625
2023-10-09,417.9366455078125
2023-10-10,420.1119079589844
2023-10-11,421.83282470703125
2023-10-12,419.26116943359375
2023-10-13,417.1728515625
2023-10-16,421.5621643066406
2023-10-17,421.54278564453125
2023-10-18,415.9256896972656
2023-10-19,412.27117919921875
2023-10-20,407.2051696777344
2023-10-23,406.4993591308594
2023-10-24,409.56414794921875
2023-10-25,403.68603515625
2023-10-26,398.85205078125
2023-10-27,397.0441589355469
2023-10-30,401.79107666015625
2023-10-31,404.314453125
2023-11-01,408.6263732910156
2023-11-02,416.4574279785156
2023-11-03,420.2569274902344
2023-11-06,421.2236328125
2023-11-07,422.4225158691406
2023-11-08,422.7319030761719
2023-11-09,419.4351806640625
2023-11-10,425.9803466796875
2023-11-13,425.57427978515625
2023-11-14,433.8307800292969
2023-11-15,434.7492370605469
2023-11-16,435.2809143066406
2023-11-17,435.8223571777344
2023-11-20,439.1771545410156
2023-11-21,438.2200012207031
2023-11-22,439.9118347167969
2023-11-24,440.18255615234375
2023-11-27,439.3898620605469
2023-11-28,439.8248291015625
2023-11-29,439.5155029296875
2023-11-30,441.24609375
2023-12-01,443.8564147949219
2023-12-04,441.52642822265625
2023-12-05,441.4394226074219
2023-12-06,439.6605224609375
2023-12-07,443.0152893066406
2023-12-08,444.919921875
2023-12-11,446.6504821777344
2023-12-12,448.6903991699219
2023-12-13,454.8778991699219
2023-12-14,456.3377990722656
2023-12-15,455.5863952636719
2023-12-18,458.14910888671875
2023-12-19,460.9350891113281
2023-12-20,454.54779052734375
2023-12-21,458.8577880859375
2023-12-22,459.77996826171875
2023-12-26,461.7213439941406
2023-12-27,462.5561828613281
2023-12-28,462.7308654785156
2023-12-29,461.39129638671875
2024-01-02,458.8092346191406
2024-01-03,455.062255859375
2024-01-04,453.596435546875
2024-01-05,454.2177734375
2024-01-08,460.7021484375
2024-01-09,460.0032653808594
2024-01-10,462.6047058105469
2024-01-11,462.40087890625
2024-01-12,462.72119140625
2024-01-16,461.0224304199219
2024-01-17,458.4597473144531
2024-01-18,462.5367431640625
2024-01-19,468.30279541015625
2024-01-22,469.2929382324219
2024-01-23,470.6616516113281
2024-01-24,471.1761474609375
2024-01-25,473.73883056640625
2024-01-26,473.13702392578125
2024-01-29,476.8838806152344
2024-01-30,476.5151062011719
2024-01-31,468.7396240234375
2024-02-01,474.87457275390625
2024-02-02,479.873779296875
2024-02-05,478.1264343261719
2024-02-06,479.5146179199219
2024-02-07,483.5139465332031
2024-02-08,483.72747802734375
2024-02-09,486.523193359375
2024-02-12,486.30963134765625
2024-02-13,479.6116638183594
2024-02-14,483.97021484375
2024-02-15,487.3094787597656
2024-02-16,484.8826904296875
2024-02-20,482.2132263183594
2024-02-21,482.6500244140625
2024-02-22,492.63873291015625
2024-02-23,492.97845458984375
2024-02-26,491.17291259765625
2024-02-27,492.0853576660156
2024-02-28,491.43499755859375
2024-02-29,493.20172119140625
2024-03-01,497.8320007324219
2024-03-04,497.298095703125
2024-03-05,492.3280334472656
2024-03-06,494.8228454589844
2024-03-07,499.7345886230469
2024-03-08,496.735107421875
2024-03-11,496.3079833984375
2024-03-12,501.64691162109375
2024-03-13,500.8606872558594
2024-03-14,499.87054443359375
2024-03-15,496.4381408691406
2024-03-18,499.3885192871094
2024-03-19,502.1637268066406
2024-03-20,506.80841064453125
2024-03-21,508.4831848144531
2024-03-22,507.519287109375
2024-03-25,506.1170959472656
2024-03-26,505.1822814941406
2024-03-27,509.4277648925781
2024-03-28,509.3302917480469
2024-04-01,508.44427490234375
2024-04-02,505.2115173339844
2024-04-03,505.7664794921875
2024-04-04,499.5930480957031
2024-04-05,504.812255859375
2024-04-08,505.0945739746094
2024-04-09,505.6788330078125
2024-04-10,500.61541748046875
2024-04-11,504.39349365234375
2024-04-12,497.43133544921875
2024-04-15,491.199462890625
2024-04-16,490.3035888671875
2024-04-17,487.4018859863281
2024-04-18,486.3989562988281
2024-04-19,482.1535339355469
2024-04-22,486.5937194824219
2024-04-23,492.367919921875
2024-04-24,492.1342468261719
2024-04-25,490.2646179199219
2024-04-26,494.90936279296875
2024-04-29,496.6620788574219
2024-04-30,488.7943420410156
2024-05-01,487.2071533203125
2024-05-02,491.76422119140625
2024-05-03,497.85980224609375
2024-05-06,503.0011291503906
2024-05-07,503.55615234375
2024-05-08,503.60479736328125
2024-05-09,506.50653076171875
2024-05-10,507.1590270996094
2024-05-13,507.22705078125
2024-05-14,509.5542297363281
2024-05-15,515.8641357421875
2024-05-16,514.8026733398438
2024-05-17,515.542724609375
2024-05-20,516.13671875
2024-05-21,517.4026489257812
2024-05-22,515.9127807617188
2024-05-23,512.1443481445312
2024-05-24,515.5330200195312
2024-05-28,515.893310546875
2024-05-29,512.2808227539062
2024-05-30,508.8824768066406
2024-05-31,513.5173950195312
2024-06-03,513.9360961914062
2024-06-04,514.5106811523438
2024-06-05,520.6256103515625
2024-06-06,520.6158447265625
2024-06-07,519.9830322265625
2024-06-10,521.5895385742188
2024-06-11,522.8457641601562
2024-06-12,527.139892578125
2024-06-13,528.2012329101562
2024-06-14,528.522705078125
2024-06-17,532.7291259765625
2024-06-18,534.0826416015625
2024-06-20,532.6318359375
2024-06-21,531.917724609375
2024-06-24,530.1885375976562
2024-06-25,532.2303466796875
2024-06-26,532.8946533203125
2024-06-27,533.7346801757812
2024-06-28,531.6343383789062
2024-07-01,532.728515625
2024-07-02,536.3135986328125
2024-07-03,538.7069702148438
2024-07-05,541.8135375976562
2024-07-08,542.438720703125
2024-07-09,542.9661865234375
2024-07-10,548.3389282226562
2024-07-11,543.6109008789062
2024-07-12,547.0396728515625
2024-07-15,548.5440673828125
2024-07-16,551.7970581054688
2024-07-17,544.0601806640625
2024-07-18,539.879150390625
2024-07-19,536.2940673828125
2024-07-22,541.8231811523438
2024-07-23,540.9733276367188
2024-07-24,528.7134399414062
2024-07-25,525.958740234375
2024-07-26,531.849365234375
2024-07-29,532.1619873046875
2024-07-30,529.4656982421875
2024-07-31,538.0718994140625
2024-08-01,530.4523315429688
2024-08-02,520.5762329101562
2024-08-05,505.4150390625
2024-08-06,510.0747985839844
2024-08-07,506.6654052734375
2024-08-08,518.3782348632812
2024-08-09,520.6640625
2024-08-12,520.9376831054688
2024-08-13,529.5047607421875
2024-08-14,531.17529296875
2024-08-15,540.2797241210938
2024-08-16,541.4910888671875
2024-08-19,546.66845703125
2024-08-20,545.779541015625
2024-08-21,547.655029296875
2024-08-22,543.3568115234375
2024-08-23,549.1301879882812
2024-08-26,547.8211669921875
2024-08-27,548.5734252929688
2024-08-28,545.3887939453125
2024-08-29,545.4376831054688
2024-08-30,550.6444091796875
2024-09-03,539.3126220703125
2024-09-04,538.2088623046875
2024-09-05,536.8997192382812
2024-09-06,527.8635864257812
2024-09-09,533.773681640625
2024-09-10,536.0986938476562
2024-09-11,541.5985107421875
2024-09-12,546.1605224609375
2024-09-13,549.0130615234375
2024-09-16,549.8237915039062
2024-09-17,550.0484619140625
2024-09-18,548.4169311523438
2024-09-19,557.7755737304688
2024-09-20,556.8113403320312
2024-09-23,558.2027587890625
2024-09-24,559.7999267578125
2024-09-25,558.5653076171875
2024-09-26,560.77978515625
2024-09-27,559.966552734375
2024-09-30,562.21044921875
2024-10-01,557.1738891601562
2024-10-02,557.4089965820312
2024-10-03,556.3899536132812
2024-10-04,561.4461669921875
2024-10-07,556.370361328125
2024-10-08,561.63232421875
2024-10-09,565.5223999023438
2024-10-10,564.53271484375
2024-10-11,567.913330078125
2024-10-14,572.557861328125
2024-10-15,568.1093139648438
2024-10-16,570.5785522460938
2024-10-17,570.6275634765625
2024-10-18,572.8224487304688
2024-10-21,571.8818359375
2024-10-22,571.5780029296875
2024-10-23,566.355224609375
2024-10-24,567.5801391601562
2024-10-25,567.3840942382812
2024-10-28,569.1381225585938
2024-10-29,570.0592651367188
2024-10-30,568.3346557617188
2024-10-31,557.1935424804688
2024-11-01,559.545166015625
2024-11-04,558.3399047851562
2024-11-05,565.0911865234375
2024-11-06,579.142578125
2024-11-07,583.62060546875
2024-11-08,586.1487426757812
2024-11-11,586.7072143554688
2024-11-12,584.8846435546875
2024-11-13,585.1688232421875
2024-11-14,581.4060668945312
2024-11-15,573.9590454101562
2024-11-18,576.3108520507812
2024-11-19,578.41748046875
2024-11-20,578.6134643554688
2024-11-21,581.7196044921875
2024-11-22,583.5226440429688
2024-11-25,585.5020141601562
2024-11-26,588.5592041015625
2024-11-27,586.7758178710938
2024-11-29,590.4208374023438
2024-12-02,591.479248046875
2024-12-03,591.7534790039062
2024-12-04,595.4279174804688
2024-12-05,594.4481811523438
2024-12-06,595.5750122070312
2024-12-09,592.5079956054688
2024-12-10,590.6658935546875
2024-12-11,595.2319946289062
2024-12-12,592.1651000976562
2024-12-13,592.0474853515625
2024-12-16,594.5755615234375
2024-12-17,592.1257934570312
2024-12-18,574.4784545898438
2024-12-19,574.3019409179688
2024-12-20,581.199951171875
2024-12-23,584.6803588867188
2024-12-24,591.1790771484375
2024-12-26,591.218505859375
2024-12-27,584.9949951171875
2024-12-30,578.3192138671875
